source_id,source_name,target_id,source_duration_ticks,target_duration_ticks,duration_delta_dls18_ticks,pre_contact_speed_ratio,post_contact_speed_ratio,start_rotation_angle_mean_deg,end_rotation_angle_mean_deg,start_position_distance_mean_raw,end_position_distance_mean_raw,max_position_step_mean_raw,mean_position_step_mean_raw,sat_sha256,error
114,ANM_STUMBLE_ET0304_XF0490_RUNJUMP,2517,51,34,-8.5,,0.75,19.88,22.42,442.12,762.28,466.71,310.54,21abd35df67034ee655fafd4e0df3502d082e10531837696d2bcac3c14f9811f,
116,ANM_STUMBLE_ET0310_XF0510_RUNPUSHED,2517,68,34,0.0,,1.0,17.56,26.05,586.99,783.4,391.3,289.21,eddede52c60c2737dd16a95aa2d56b67b6644e75ecfd6f4a6d12473487646583,
464,ANM_STUMBLE_ET0954_DUMMY_BALL_AVOID,2517,61,34,-3.5,,0.897,23.21,24.4,681.08,1044.19,184.24,142.38,d0b565fb4155c4af065a5604de43624b385d12fc59ef3da06355f15f6fbcec92,
466,ANM_STUMBLE_ET0955_DUMMY_BALL_AVOID,2517,55,34,-6.5,,0.809,22.1,20.36,734.01,1003.86,202.0,143.59,9337571c2e4b100b898c83f65bb2e561b2fda3b8f89a359516127bd7c622c74e,
864,ANM_STUMBLE_EXE572_STAND_TO_STUMBLE_R_90_TO_STAND___LONGER_STUMBLE_LT,2517,41,34,-13.5,,0.544,32.34,25.4,887.54,750.82,210.26,146.33,d60a1d23c913376030180fe17fd9e1e9b2787e334d61361d92614d7164396e7a,
868,ANM_STUMBLE_EXE573_STAND_TO_STUMBLE_BACKWARDS_TO_STAND_AVOID,2517,41,34,-13.5,,0.603,26.06,20.96,729.6,600.29,173.87,119.54,829c41004672752560ddcd8cee300d144ee7bb617fcdc54475e059e4feb87706,
870,ANM_STUMBLE_EXE573_STAND_TO_STUMBLE_BACKWARDS_TO_STAND_LT,2517,41,34,-13.5,,0.603,26.06,20.96,729.6,600.29,173.87,119.54,829c41004672752560ddcd8cee300d144ee7bb617fcdc54475e059e4feb87706,
1292,ANM_STUMBLE_FT0653_FT_STUMBLE_0_ALEX,2517,59,34,-4.5,,0.868,24.95,25.54,613.8,1151.23,319.51,193.92,782a736ef54a7492da2e7512a27e888298a977cdd9f059f84e56d6698af3a2ff,
1294,ANM_STUMBLE_FT0658_FT_STUMBLE_0_ANDY,2517,59,34,-4.5,,0.868,27.17,22.8,898.18,886.59,350.19,221.97,a90e28113c017e6e8cf29e5d1a6fdcdbb99459db8b8af616065be03bfa6a1397,
1458,ANM_STUMBLE_FT0824_NIS_MISC_26_ANDYD_AVOID,2517,58,34,-5.0,,0.853,27.11,24.81,639.25,1296.35,332.26,171.46,1d9b2653efca8b11767c468bf771e1248ceb16f20417ccd4bea64e8a1928c07f,
1492,ANM_STUMBLE_FT0855_STUMBLE__STUMBLE_1_ANDYS,2517,36,34,-16.0,,0.382,26.89,21.41,656.09,985.32,260.19,195.66,d87604757c5744f3845e8f799d0fa1a94fd1f2340f1a8f6959df9317254e4147,
1494,ANM_STUMBLE_FT0856_STUMBLE__STUMBLE_1_ANDYD,2517,61,34,-3.5,,0.824,29.1,21.02,813.96,819.46,402.47,266.76,51af3d27a391f204e9a94b2025b10b3631d7fe39c9a8f60fa69523348babb533,
1496,ANM_STUMBLE_FT0856_STUMBLE__STUMBLE_1_ANDYD_LT,2517,38,34,-15.0,,0.559,33.01,20.88,1256.04,824.71,190.85,152.5,32f200709687e5c48198684f83bbe825660eeb16661c69afabf04e58cf7e22cf,
2408,ANM_STUMBLE_FT1350_STUMBLE_TO_CONTINUE_RUNNING_2_COLIN_LT,2517,41,34,-13.5,,0.544,26.86,16.35,1139.42,537.69,233.49,201.58,534d16eef22316096bf2b84eb731a9b835339735584f561ead2ed71a1e4de5b8,
2478,ANM_STUMBLE_FT1427_STUMBLE_FLINCH_01_ARMANI,2517,61,34,-3.5,,0.897,25.52,19.15,713.89,617.12,232.46,170.28,4ba82370491f7085c75b5423016fd7a72502fd7eacfa847a579945115efcf973,
2480,ANM_STUMBLE_FT1428_STUMBLE_FLINCH_00_ARMANI,2517,53,34,-7.5,,0.779,26.31,27.09,844.91,1493.22,422.68,266.95,7f9b6184bd01a1ea6269df4c6a6ab2820490f76b5f8ae76a4c81f3c06c55cba3,
2482,ANM_STUMBLE_FT1431_STUMBLE_AVOID_02_ARMANI,2517,69,34,0.5,,1.015,28.75,23.12,571.86,1145.91,314.94,207.46,d1b5ca389e4405aa393e44206bd58d8b1119be8323d832693679179620fe4534,
2484,ANM_STUMBLE_FT1431_STUMBLE_AVOID_03_ARMANI,2517,91,34,11.5,,1.338,30.03,21.8,729.2,1156.45,336.08,197.14,0db945944e166577665b17400a894926822a97ca8e08bce502fccc084fbda3d2,
2486,ANM_STUMBLE_FT1433_STUMBLE_JUMP_02_ARMANI,2517,44,34,-12.0,,0.647,41.7,15.6,918.31,643.66,305.13,201.97,c36d353783cd27f79d13ed256f90bdb4c057caa960ec2e2f920f41de302ef71c,
3502,ANM_STUMBLE_FT1648_STUMBLE_JUMP_01_ADAM,2517,50,34,-9.0,,0.735,27.8,24.42,755.0,987.18,417.91,309.22,5f81bff843aa0c2b966ff5ee7ede5e83e1d02a487f9ebbc4c96a697371563e98,
3504,ANM_STUMBLE_FT1648_STUMBLE_JUMP_02_DAVID,2517,41,34,-13.5,,0.603,21.45,21.06,507.45,806.75,308.5,225.51,e1f32e8ffecc8f6a5835dcb318a2391aed056f3ae969ac14af16972b0fee6529,
