source_dls26_id,source_name,target_dls18_id,timing,edge_blend_frames,align_positions,source_duration_ticks,target_duration_ticks,target_frame_count,candidate_max_position_step,target_max_position_step,candidate_max_step_frame,start_dx,start_dz,end_dx,end_dz,candidate_sha256
3260,ANM_CONTROL_FT1631_CONTROL_DRIBBLE_01_ADAM,1331,fit,4,True,52,22,12,535.13,417.219,5,1.475,0.0,1.504,0.0,1d7e77afd4f7a0dd2b21746e0775be0146f749f438f526109a70ab26f80e42d6
3262,ANM_CONTROL_FT1631_CONTROL_DRIBBLE_02_DAVID,1333,fit,4,True,52,24,13,486.854,396.703,3,1.39,0.0,1.31,0.0,935e15198628c7780cb3f2442ffc318b160ab10a47f50aa1fe6ae870c6ff6725
3264,ANM_CONTROL_FT1632_CONTROL_DRIBBLE_03_DAVID,1335,fit,4,True,49,30,16,466.423,374.683,3,1.421,0.0,1.436,0.0,5548e368688b6723ff5558291fa0edc458c094acefcbf1423decf8e3d6700b4c
3266,ANM_CONTROL_FT1632_CONTROL_DRIBBLE_04_ADAM,1345,fit,4,True,49,22,12,627.193,308.467,5,1.461,0.0,1.504,0.0,73ab06e067e0f913554a267dd8b57ed42766ac018f5ccb7372ba347921a22870
3268,ANM_CONTROL_FT1633_CONTROL_DRIBBLE_05_ADAM,1349,fit,4,True,51,22,12,655.516,329.447,5,1.42,0.0,1.523,0.0,06a60179e35a4a5b041496639eb5995ecff8e34b9cafd431529cea5b7d21bff1
3270,ANM_CONTROL_FT1634_CONTROL_DRIBBLE_08_ADAM,1351,fit,4,True,48,20,11,631.967,564.062,4,1.515,0.0,1.52,0.0,c9e80e75de2644701ec0aac66812597347bc133d596223a5b4143100f7d6b1e6
3272,ANM_CONTROL_FT1635_CONTROL_SPECIAL_01_ADAM,1355,fit,4,True,66,24,13,603.918,689.12,7,1.49,0.0,1.562,0.0,bc08a40aeb22cb0b117e63b8ce312b80390c6bdf81d829c8b86af9edc3402785
3274,ANM_CONTROL_FT1635_CONTROL_SPECIAL_02_DAVID,1360,fit,4,True,70,30,16,498.74,467.722,5,1.356,0.0,1.494,0.0,394614196dfbaa304ed9be3fa3ba1f883c47e358cc7711a149351c0cd0ed1528
3276,ANM_CONTROL_FT1635_CONTROL_SPECIAL_03_DAVID,1353,fit,4,True,58,24,13,517.435,656.331,3,1.463,0.0,1.474,0.0,343b46335e08d15e98dd523b69b1015a9c7dc9ba5438e93e36b39e8fe949f7be
3278,ANM_CONTROL_FT1635_CONTROL_SPECIAL_04_ADAM,1355,fit,4,True,67,24,13,583.668,689.12,0,1.49,0.0,1.562,0.0,2a62c7d39f5a033e3316ad2ddf3e1f8e7f1d932f91f2f255411a1d5d7bfd235c
3280,ANM_CONTROL_FT1635_CONTROL_SPECIAL_05_DAVID,1353,fit,4,True,58,24,13,586.029,656.331,3,1.463,0.0,1.474,0.0,1626bcad92d4ef62d9f9bf2de362cff04d04f4e1d17ccde9059b5daf4be2651e
3282,ANM_CONTROL_FT1635_CONTROL_SPECIAL_06_DAVID,1360,fit,4,True,63,30,16,463.506,467.722,9,1.356,0.0,1.494,0.0,4e403b6cb83b440e205b85cb30973d14b5497ae42028ffe77ff2aa69d81d720b
3286,ANM_CONTROL_FT1636_CONTROL_SPECIAL_09_ADAM,1351,fit,4,True,57,20,11,536.36,564.062,5,1.515,0.0,1.52,0.0,d200c84073f96235bd2640c291b888a2ce89131ef17d6f5965ca2be09d12c57d
3290,ANM_CONTROL_FT1636_CONTROL_SPECIAL_11_DAVID,1345,fit,4,True,49,22,12,666.545,308.467,5,1.461,0.0,1.504,0.0,42afb6bb2b48c07c822bcb74601d7500aa6244b27326c68b2a62e80a0580ff0f
3292,ANM_CONTROL_FT1636_CONTROL_SPECIAL_12_DAVID,1349,fit,4,True,51,22,12,671.165,329.447,5,1.42,0.0,1.523,0.0,8c1936bd2ac147137f19d84754d7acba79d19f69e8bbada0b6bb85fe11670836
3294,ANM_CONTROL_FT1636_CONTROL_SPECIAL_13_DAVID,1335,fit,4,True,48,30,16,584.624,374.683,3,1.421,0.0,1.436,0.0,7562cc740efd7176fe2b3f0a0ba82ad22531a4cabf57603c718c58b04966b21e
3296,ANM_CONTROL_FT1636_CONTROL_SPECIAL_14_DAVID,1353,fit,4,True,56,24,13,659.978,656.331,6,1.463,0.0,1.474,0.0,2be056646a1c895e32ad3523cee1f9f4e63a48496b5b166c06f6c1a77334a454
3298,ANM_CONTROL_FT1636_CONTROL_SPECIAL_16_DAVID,1360,fit,4,True,58,30,16,517.621,467.722,2,1.356,0.0,1.494,0.0,95d83b8e65a080f3fcdcd09652e33580a894ffa8916b74892fb771beecdf2c8b
3300,ANM_CONTROL_FT1637_CONTROL_SPECIAL_01_DAVID,1351,fit,4,True,54,20,11,555.254,564.062,8,1.515,0.0,1.52,0.0,43e4a20e4580a8db2f6be388f274e65f10975fd2d7f868b5ae7e0ddadfa96913
3302,ANM_CONTROL_FT1637_CONTROL_SPECIAL_02_ADAM,1345,fit,4,True,49,22,12,361.03,308.467,8,1.461,0.0,1.504,0.0,6931c1cc7e29e453331d87825fab664abef68e55db7e8fe1bc0a52e395fe31c9
