site,func,stat,lo,hi,spread,lo_insn,hi_insn
0x2a0c42,_Z17GAI_GKCheckChargei+0xc2,stat11,512,1024,2.00,0x2a0c3a:mov.w,0x2a0c3e:mov.w
0x2c2a86,_Z18GC_OpenPlayControlv+0x2c6,control,32,8,4.00,0x2c2a7e:movs,0x2c2a84:movs
0x2c8424,_Z17ACT_FreeKickSetupP11TControllerP8TPoint3D+0x44,shooting,0,100,,0x2c840a:movs,0x2c841a:movs
0x2db0fa,_ZN7CPlayer10ActionTendEiP8TPoint3D+0x17e,control,2048,4096,2.00,0x2db0ee:mov.w,0x2db0f6:mov.w
0x2db146,_ZN7CPlayer10ActionTendEiP8TPoint3D+0x1ca,tackling,512,1024,2.00,0x2db134:mov.w,0x2db142:mov.w
0x2db164,_ZN7CPlayer10ActionTendEiP8TPoint3D+0x1e8,tackling,1638,2048,1.25,0x2db158:movw,0x2db160:mov.w
0x2e133e,_ZN7CPlayer18GetAverageRunSpeedEv+0x38,speed,3204,3738,1.17,0x2e132a:movw,0x2e133a:movw
0x2e1390,_ZN7CPlayer20GetInterceptRunSpeedEv+0x28,speed,3204,3738,1.17,0x2e1384:movw,0x2e138c:movw
0x2e13d0,_ZN7CPlayer12GetWalkSpeedEv+0x38,speed,801,801,1.00,0x2e13bc:movw,0x2e13cc:movw
0x2e1410,_ZN7CPlayer14GetSprintSpeedEv+0x38,speed,3738,4539,1.21,0x2e13fc:movw,0x2e140c:movw
0x2e1494,_ZN7CPlayer18GetCurrentRunSpeedEv+0x60,speed,801,801,1.00,0x2e1486:movw,0x2e148a:movw
0x2e14ac,_ZN7CPlayer18GetCurrentRunSpeedEv+0x78,speed,3204,3738,1.17,0x2e149e:movw,0x2e14a2:movw
0x2e14ea,_ZN7CPlayer18GetCurrentRunSpeedEv+0xb6,speed,3204,3738,1.17,0x2e14dc:movw,0x2e14e0:movw
0x2e1502,_ZN7CPlayer18GetCurrentRunSpeedEv+0xce,speed,3738,4539,1.21,0x2e14f4:movw,0x2e14f8:movw
0x2e159a,_ZN7CPlayer11GetRunSpeedEv+0x7a,control,870,990,1.14,0x2e158e:movw,0x2e1596:movw
0x2e1798,_ZN7CPlayer13UpdateUrgencyEv+0xbc,acceleration,13,19,1.46,0x2e1794:movs,0x2e1796:movs
0x2e1e66,_ZN7CPlayer19NewPlayerStateXDeekEiiiP12TActionSetup+0x32,,,,,0x2e1e2a:movs,
0x2e1e92,_ZN7CPlayer19NewPlayerStateXDeekEiiiP12TActionSetup+0x5e,control,947,1178,1.24,0x2e1e80:movw,0x2e1e84:movw
0x2e2058,_ZN7CPlayer10UpdateTakeEv+0x190,control,947,1178,1.24,0x2e203c:movw,0x2e2040:movw
0x2e233e,_ZN7CPlayer15ControlTakeBallEi+0x26,control,947,1178,1.24,0x2e2330:movw,0x2e2334:movw
0x2e2356,_ZN7CPlayer15ControlTakeBallEi+0x3e,control,8544,13350,1.56,0x2e2348:movw,0x2e234c:movw
0x2e26f4,_ZN7CPlayer11DribbleBallEib+0x5c,control,947,1178,1.24,0x2e26cc:movw,0x2e26d2:movw
0x2e4288,_Z18GA_SetAnimFromDeekP7CPlayeriiiP12TActionSetup+0x2c,control,32768,65536,2.00,0x2e427a:mov.w,0x2e427e:mov.w
0x2e42a2,_Z18GA_SetAnimFromDeekP7CPlayeriiiP12TActionSetup+0x46,control,32768,65536,2.00,0x2e429a:mov.w,0x2e429e:mov.w
0x2e4cc6,_Z16GPM_DribbleTouchP7CPlayeriP11TController+0xb2,control,1869,1602,1.17,0x2e4cb6:movw,0x2e4cba:movw
0x2e4cde,_Z16GPM_DribbleTouchP7CPlayeriP11TController+0xca,control,2670,2136,1.25,0x2e4cd0:movw,0x2e4cd4:movw
0x2e5b68,_Z29ACT_KickErrorAccuracyGetRangeP7CPlayeri+0x34,shooting,1,128,128.00,0x2e5b5e:movs,0x2e5b64:movs
0x2e5bea,_Z29ACT_KickErrorAccuracyGetRangeP7CPlayeri+0xb6,passing,1,128,128.00,0x2e5be6:movs,0x2e5be8:movs
0x2e6f08,_Z18ACT_ProcessKickRotP7CPlayerP8TPoint3DPi+0x158,passing,98304,0,,0x2e6ee4:mov.w,0x2e6ee8:movs
0x2e72f2,_Z17ACT_KickCheckShotP11TControllerP8TPoint3DPiS3_+0xfe,shooting,33,66,2.00,0x2e72d6:movs,0x2e72e0:movs
0x2e8610,_Z19ACT_ShotApplyAssistP11TControllerP8TPoint3DPiS3_+0x54,shooting,-60,80,sign-change,0x2e85fa:mvn,0x2e85fe:movs
0x2e8974,_Z13ACT_KickSetupP11TControllerP8TPoint3Db+0xf0,shooting,0,85,,0x2e8964:movs,0x2e896a:movs
0x2ea60c,_Z24ACT_TackleSetPlayerStateP7CPlayeriii7EACTIONP12TActionSetup+0xb4,tackling,1638,2048,1.25,0x2ea5f6:movw,0x2ea604:mov.w
